{
  "project_info": {
    "project_number": "868741407839",
    "firebase_url": "https://admob-app-id-7252308654.firebaseio.com",
    "project_id": "admob-app-id-7252308654",
    "storage_bucket": "admob-app-id-7252308654.appspot.com"
  },
  "client": [
    {
      "client_info": {
        "mobilesdk_app_id": "1:868741407839:android:f1a57922cbda63e4",
        "android_client_info": {
          "package_name": "devesh.ephrine.ir"
        }
      },
      "oauth_client": [
        {
          "client_id": "868741407839-kjh8st48r8lol4jahqrqcvao63eip00m.apps.googleusercontent.com",
          "client_type": 1,
          "android_info": {
            "package_name": "devesh.ephrine.ir",
            "certificate_hash": "5429BF527BBA01820CF6C12A0BFBC45B3E998F7F"
          }
        },
        {
          "client_id": "868741407839-e4ur2b1t9ovb91qjtua2t30ku10ifr74.apps.googleusercontent.com",
          "client_type": 1,
          "android_info": {
            "package_name": "devesh.ephrine.ir",
            "certificate_hash": "C0E58456AE61E74EEB4932FD68C2155DFD060E84"
          }
        },
        {
          "client_id": "868741407839-cpf86amg5l8pq0hu2go732pc9kke5mo9.apps.googleusercontent.com",
          "client_type": 3
        }
      ],
      "api_key": [
        {
          "current_key": "AIzaSyD5O5PWGGrXoMtPvYtE9AdKDhWLXnpJiCo"
        }
      ],
      "services": {
        "analytics_service": {
          "status": 1
        },
        "appinvite_service": {
          "status": 1,
          "other_platform_oauth_client": []
        },
        "ads_service": {
          "status": 2
        }
      }
    },
    {
      "client_info": {
        "mobilesdk_app_id": "1:868741407839:android:6328e3d7cae12ab1",
        "android_client_info": {
          "package_name": "devesh.ephrine.depression.self.diagnosis"
        }
      },
      "oauth_client": [
        {
          "client_id": "868741407839-cpf86amg5l8pq0hu2go732pc9kke5mo9.apps.googleusercontent.com",
          "client_type": 3
        }
      ],
      "api_key": [
        {
          "current_key": "AIzaSyD5O5PWGGrXoMtPvYtE9AdKDhWLXnpJiCo"
        }
      ],
      "services": {
        "analytics_service": {
          "status": 1
        },
        "appinvite_service": {
          "status": 1,
          "other_platform_oauth_client": []
        },
        "ads_service": {
          "status": 2
        }
      }
    },
    {
      "client_info": {
        "mobilesdk_app_id": "1:868741407839:android:3ef72184363ca7b5",
        "android_client_info": {
          "package_name": "devesh.ephrine.yogic.cure"
        }
      },
      "oauth_client": [
        {
          "client_id": "868741407839-cpf86amg5l8pq0hu2go732pc9kke5mo9.apps.googleusercontent.com",
          "client_type": 3
        }
      ],
      "api_key": [
        {
          "current_key": "AIzaSyD5O5PWGGrXoMtPvYtE9AdKDhWLXnpJiCo"
        }
      ],
      "services": {
        "analytics_service": {
          "status": 1
        },
        "appinvite_service": {
          "status": 1,
          "other_platform_oauth_client": []
        },
        "ads_service": {
          "status": 2
        }
      }
    },
    {
      "client_info": {
        "mobilesdk_app_id": "1:868741407839:android:47ece1a5b18a5324",
        "android_client_info": {
          "package_name": "devesh.ephrine.gpat"
        }
      },
      "oauth_client": [
        {
          "client_id": "868741407839-nobv9f4n75hgbq0si8v19fvubfj0f1na.apps.googleusercontent.com",
          "client_type": 1,
          "android_info": {
            "package_name": "devesh.ephrine.gpat",
            "certificate_hash": "5429BF527BBA01820CF6C12A0BFBC45B3E998F7F"
          }
        },
        {
          "client_id": "868741407839-cpf86amg5l8pq0hu2go732pc9kke5mo9.apps.googleusercontent.com",
          "client_type": 3
        }
      ],
      "api_key": [
        {
          "current_key": "AIzaSyD5O5PWGGrXoMtPvYtE9AdKDhWLXnpJiCo"
        }
      ],
      "services": {
        "analytics_service": {
          "status": 1
        },
        "appinvite_service": {
          "status": 2,
          "other_platform_oauth_client": [
            {
              "client_id": "868741407839-cpf86amg5l8pq0hu2go732pc9kke5mo9.apps.googleusercontent.com",
              "client_type": 3
            }
          ]
        },
        "ads_service": {
          "status": 2
        }
      }
    },
    {
      "client_info": {
        "mobilesdk_app_id": "1:868741407839:android:b463f5d641b1dc23",
        "android_client_info": {
          "package_name": "devesh.ephrine.gpat.pro"
        }
      },
      "oauth_client": [
        {
          "client_id": "868741407839-6ss56s0d7o8gmkpiqj5dfacto2r77tcb.apps.googleusercontent.com",
          "client_type": 1,
          "android_info": {
            "package_name": "devesh.ephrine.gpat.pro",
            "certificate_hash": "5429BF527BBA01820CF6C12A0BFBC45B3E998F7F"
          }
        },
        {
          "client_id": "868741407839-cpf86amg5l8pq0hu2go732pc9kke5mo9.apps.googleusercontent.com",
          "client_type": 3
        }
      ],
      "api_key": [
        {
          "current_key": "AIzaSyD5O5PWGGrXoMtPvYtE9AdKDhWLXnpJiCo"
        }
      ],
      "services": {
        "analytics_service": {
          "status": 1
        },
        "appinvite_service": {
          "status": 2,
          "other_platform_oauth_client": [
            {
              "client_id": "868741407839-cpf86amg5l8pq0hu2go732pc9kke5mo9.apps.googleusercontent.com",
              "client_type": 3
            }
          ]
        },
        "ads_service": {
          "status": 2
        }
      }
    },
    {
      "client_info": {
        "mobilesdk_app_id": "1:868741407839:android:435c6b4f39666b61",
        "android_client_info": {
          "package_name": "devesh.b.pharm.guide.mu"
        }
      },
      "oauth_client": [
        {
          "client_id": "868741407839-tubqsvl5sfi1cmdu99okt0hptmlugni6.apps.googleusercontent.com",
          "client_type": 1,
          "android_info": {
            "package_name": "devesh.b.pharm.guide.mu",
            "certificate_hash": "5429BF527BBA01820CF6C12A0BFBC45B3E998F7F"
          }
        },
        {
          "client_id": "868741407839-cpf86amg5l8pq0hu2go732pc9kke5mo9.apps.googleusercontent.com",
          "client_type": 3
        }
      ],
      "api_key": [
        {
          "current_key": "AIzaSyD5O5PWGGrXoMtPvYtE9AdKDhWLXnpJiCo"
        }
      ],
      "services": {
        "analytics_service": {
          "status": 1
        },
        "appinvite_service": {
          "status": 2,
          "other_platform_oauth_client": [
            {
              "client_id": "868741407839-cpf86amg5l8pq0hu2go732pc9kke5mo9.apps.googleusercontent.com",
              "client_type": 3
            }
          ]
        },
        "ads_service": {
          "status": 2
        }
      }
    }
  ],
  "configuration_version": "1"
}